CREATE DATABASE CollegeManagement;
USE CollegeManagement;

CREATE TABLE Students (
    student_id INT PRIMARY KEY,
    name VARCHAR(50),
    age INT,
    gender VARCHAR(10),
    address VARCHAR(100),
    email VARCHAR(100),
    phone VARCHAR(15),
    status VARCHAR(20),
    date_of_birth DATE,
    remarks VARCHAR(100)
);

CREATE TABLE Enrollments (
    enrollment_id INT PRIMARY KEY,
    student_id INT,
    course VARCHAR(50),
    department VARCHAR(50),
    semester INT,
    year INT,
    percentage DECIMAL(5,2),
    grade VARCHAR(2),
    advisor VARCHAR(50),
    status VARCHAR(20),
    FOREIGN KEY (student_id) REFERENCES Students(student_id)
);

CREATE TABLE ExamResults (
    result_id INT PRIMARY KEY,
    student_id INT,
    enrollment_id INT,
    subject VARCHAR(50),
    marks INT,
    max_marks INT,
    min_marks INT,
    exam_date DATE,
    result_status VARCHAR(20),
    remarks VARCHAR(100),
    FOREIGN KEY (student_id) REFERENCES Students(student_id),
    FOREIGN KEY (enrollment_id) REFERENCES Enrollments(enrollment_id)
);

CREATE TABLE Activities (
    activity_id INT PRIMARY KEY,
    student_id INT,
    enrollment_id INT,
    result_id INT,
    event_name VARCHAR(50),
    event_date DATE,
    outcome VARCHAR(30),
    score INT,
    max_score INT,
    feedback VARCHAR(100),
    FOREIGN KEY (student_id) REFERENCES Students(student_id),
    FOREIGN KEY (enrollment_id) REFERENCES Enrollments(enrollment_id),
    FOREIGN KEY (result_id) REFERENCES ExamResults(result_id)
);

CREATE TABLE Documents (
    document_id INT PRIMARY KEY,
    student_id INT,
    enrollment_id INT,
    result_id INT,
    activity_id INT,
    document_type VARCHAR(50),
    issue_date DATE,
    status VARCHAR(20),
    description VARCHAR(100),
    delivery_mode VARCHAR(20),
    FOREIGN KEY (student_id) REFERENCES Students(student_id),
    FOREIGN KEY (enrollment_id) REFERENCES Enrollments(enrollment_id),
    FOREIGN KEY (result_id) REFERENCES ExamResults(result_id),
    FOREIGN KEY (activity_id) REFERENCES Activities(activity_id)
);

INSERT INTO Students VALUES
(1, 'Aarav Patel', 20, 'Male', 'Bangalore', 'aarav.patel@university.edu', '9000000001', 'Active', '2004-01-15', 'Good'),
(2, 'Meera Shah', 21, 'Female', 'Mumbai', 'meera.shah@university.edu', '9000000002', 'Active', '2003-05-22', 'Excellent'),
(3, 'Rohit Das', 22, 'Male', 'Kolkata', 'rohit.das@university.edu', '9000000003', 'Inactive', '2002-11-10', 'Average'),
(4, 'Sahana Iyer', 20, 'Female', 'Chennai', 'sahana.iyer@university.edu', '9000000004', 'Active', '2004-06-25', 'Good'),
(5, 'Vihaan Rao', 19, 'Male', 'Hyderabad', 'vihaan.rao@university.edu', '9000000005', 'Active', '2005-02-28', 'Fair'),
(6, 'Tanya Nair', 21, 'Female', 'Kerala', 'tanya.nair@university.edu', '9000000006', 'Inactive', '2003-08-15', 'Average'),
(7, 'Dev Mishra', 22, 'Male', 'Delhi', 'dev.mishra@university.edu', '9000000007', 'Active', '2002-10-05', 'Good'),
(8, 'Kriti Sen', 20, 'Female', 'Bhopal', 'kriti.sen@university.edu', '9000000008', 'Active', '2004-12-30', 'Very Good'),
(9, 'Aryan Kumar', 21, 'Male', 'Patna', 'aryan.kumar@university.edu', '9000000009', 'Active', '2003-03-21', 'Excellent'),
(10, 'Riya Malhotra', 20, 'Female', 'Jaipur', 'riya.malhotra@university.edu', '9000000010', 'Inactive', '2004-07-09', 'Poor'),
(11, 'Kabir Singh', 23, 'Male', 'Lucknow', 'kabir.singh@university.edu', '9000000011', 'Active', '2001-09-15', 'Excellent'),
(12, 'Naina Joshi', 22, 'Female', 'Pune', 'naina.joshi@university.edu', '9000000012', 'Active', '2002-04-25', 'Good'),
(13, 'Yash Mehta', 21, 'Male', 'Surat', 'yash.mehta@university.edu', '9000000013', 'Inactive', '2003-01-05', 'Average'),
(14, 'Simran Kapoor', 20, 'Female', 'Amritsar', 'simran.kapoor@university.edu', '9000000014', 'Active', '2004-06-18', 'Excellent'),
(15, 'Ishaan Gupta', 22, 'Male', 'Nagpur', 'ishaan.gupta@university.edu', '9000000015', 'Active', '2002-11-01', 'Good'),
(16, 'Pooja Reddy', 21, 'Female', 'Vijayawada', 'pooja.reddy@university.edu', '9000000016', 'Active', '2003-09-19', 'Very Good'),
(17, 'Harsh Vardhan', 23, 'Male', 'Noida', 'harsh.vardhan@university.edu', '9000000017', 'Inactive', '2001-05-10', 'Good'),
(18, 'Ananya Jain', 20, 'Female', 'Indore', 'ananya.jain@university.edu', '9000000018', 'Active', '2004-03-30', 'Average'),
(19, 'Karan Batra', 22, 'Male', 'Chandigarh', 'karan.batra@university.edu', '9000000019', 'Active', '2002-12-07', 'Excellent'),
(20, 'Rachana Rao', 21, 'Female', 'Mysore', 'rachana.rao@university.edu', '9000000020', 'Active', '2003-08-11', 'Good'),
(21, 'Aditya Sen', 20, 'Male', 'Ranchi', 'aditya.sen@university.edu', '9000000021', 'Active', '2004-01-23', 'Fair'),
(22, 'Neha Verma', 22, 'Female', 'Udaipur', 'neha.verma@university.edu', '9000000022', 'Active', '2002-07-14', 'Average'),
(23, 'Varun Paul', 21, 'Male', 'Guwahati', 'varun.paul@university.edu', '9000000023', 'Inactive', '2003-06-29', 'Excellent'),
(24, 'Divya Kumari', 20, 'Female', 'Jamshedpur', 'divya.kumari@university.edu', '9000000024', 'Active', '2004-05-04', 'Good'),
(25, 'Raj Mehra', 23, 'Male', 'Agra', 'raj.mehra@university.edu', '9000000025', 'Active', '2001-12-20', 'Very Good'),
(26, 'Shruti Das', 22, 'Female', 'Dehradun', 'shruti.das@university.edu', '9000000026', 'Active', '2002-10-16', 'Good'),
(27, 'Vikram Patel', 21, 'Male', 'Ahmedabad', 'vikram.patel@university.edu', '9000000027', 'Active', '2003-02-12', 'Fair'),
(28, 'Sneha Pillai', 20, 'Female', 'Trivandrum', 'sneha.pillai@university.edu', '9000000028', 'Active', '2004-07-26', 'Good'),
(29, 'Manish Sinha', 22, 'Male', 'Raipur', 'manish.sinha@university.edu', '9000000029', 'Inactive', '2002-03-03', 'Excellent'),
(30, 'Kavya Menon', 21, 'Female', 'Coimbatore', 'kavya.menon@university.edu', '9000000030', 'Active', '2003-11-11', 'Very Good');

INSERT INTO Enrollments VALUES
(1, 1, 'Computer Science', 'CSE', 6, 2024, 87.5, 'A', 'Dr. Nikhil', 'Active'),
(2, 2, 'Mechanical Engg', 'ME', 4, 2023, 74.2, 'B', 'Prof. Renu', 'Active'),
(3, 3, 'Electrical Engg', 'EE', 8, 2024, 66.4, 'C', 'Dr. Iqbal', 'Inactive'),
(4, 4, 'Electronics', 'ECE', 5, 2023, 91.0, 'A', 'Dr. Priti', 'Active'),
(5, 5, 'Civil Engg', 'CE', 3, 2023, 82.7, 'A', 'Prof. Thomas', 'Active'),
(6, 6, 'Computer Science', 'CSE', 6, 2024, 69.1, 'C', 'Dr. Nikhil', 'Inactive'),
(7, 7, 'Mechanical Engg', 'ME', 7, 2024, 76.0, 'B', 'Prof. Renu', 'Active'),
(8, 8, 'Electrical Engg', 'EE', 2, 2023, 88.8, 'A', 'Dr. Iqbal', 'Active'),
(9, 9, 'Electronics', 'ECE', 6, 2024, 84.5, 'B', 'Dr. Priti', 'Active'),
(10, 10, 'Civil Engg', 'CE', 5, 2023, 73.2, 'B', 'Prof. Thomas', 'Inactive'),
(11, 11, 'Computer Science', 'CSE', 8, 2024, 90.1, 'A', 'Dr. Nikhil', 'Active'),
(12, 12, 'Mechanical Engg', 'ME', 6, 2023, 71.9, 'C', 'Prof. Renu', 'Active'),
(13, 13, 'Electrical Engg', 'EE', 5, 2023, 63.3, 'C', 'Dr. Iqbal', 'Inactive'),
(14, 14, 'Electronics', 'ECE', 3, 2022, 85.0, 'B', 'Dr. Priti', 'Active'),
(15, 15, 'Civil Engg', 'CE', 4, 2023, 79.8, 'B', 'Prof. Thomas', 'Active'),
(16, 16, 'Computer Science', 'CSE', 2, 2023, 91.5, 'A', 'Dr. Nikhil', 'Active'),
(17, 17, 'Mechanical Engg', 'ME', 8, 2024, 67.2, 'C', 'Prof. Renu', 'Inactive'),
(18, 18, 'Electrical Engg', 'EE', 7, 2024, 75.4, 'B', 'Dr. Iqbal', 'Active'),
(19, 19, 'Electronics', 'ECE', 6, 2023, 82.3, 'A', 'Dr. Priti', 'Active'),
(20, 20, 'Civil Engg', 'CE', 5, 2023, 70.9, 'B', 'Prof. Thomas', 'Active'),
(21, 21, 'Computer Science', 'CSE', 3, 2023, 89.2, 'A', 'Dr. Nikhil', 'Active'),
(22, 22, 'Mechanical Engg', 'ME', 7, 2024, 64.6, 'C', 'Prof. Renu', 'Active'),
(23, 23, 'Electrical Engg', 'EE', 6, 2024, 86.0, 'B', 'Dr. Iqbal', 'Inactive'),
(24, 24, 'Electronics', 'ECE', 4, 2023, 77.5, 'B', 'Dr. Priti', 'Active'),
(25, 25, 'Civil Engg', 'CE', 3, 2023, 72.4, 'B', 'Prof. Thomas', 'Active'),
(26, 26, 'Computer Science', 'CSE', 5, 2024, 93.0, 'A', 'Dr. Nikhil', 'Active'),
(27, 27, 'Mechanical Engg', 'ME', 6, 2023, 69.8, 'C', 'Prof. Renu', 'Active'),
(28, 28, 'Electrical Engg', 'EE', 7, 2024, 81.1, 'B', 'Dr. Iqbal', 'Active'),
(29, 29, 'Electronics', 'ECE', 8, 2024, 74.3, 'C', 'Dr. Priti', 'Inactive'),
(30, 30, 'Civil Engg', 'CE', 6, 2024, 88.5, 'A', 'Prof. Thomas', 'Active');

INSERT INTO ExamResults VALUES
(1, 1, 1, 'DSA', 85, 100, 40, '2024-03-10', 'Pass', 'Well done'),
(2, 2, 2, 'Thermo', 78, 100, 40, '2024-03-11', 'Pass', 'Good effort'),
(3, 3, 3, 'Circuits', 52, 100, 40, '2024-03-12', 'Pass', 'Needs work'),
(4, 4, 4, 'Digital', 91, 100, 40, '2024-03-13', 'Pass', 'Excellent'),
(5, 5, 5, 'Survey', 69, 100, 40, '2024-03-14', 'Pass', 'Good'),
(6, 6, 6, 'OS', 45, 100, 40, '2024-03-15', 'Pass', 'Average'),
(7, 7, 7, 'Fluid', 81, 100, 40, '2024-03-16', 'Pass', 'Very Good'),
(8, 8, 8, 'Machines', 88, 100, 40, '2024-03-17', 'Pass', 'Good job'),
(9, 9, 9, 'DSP', 79, 100, 40, '2024-03-18', 'Pass', 'Nice'),
(10, 10, 10, 'Concrete', 67, 100, 40, '2024-03-19', 'Pass', 'Fine'),
(11, 11, 11, 'AI', 93, 100, 40, '2024-03-20', 'Pass', 'Topper'),
(12, 12, 12, 'Dynamics', 62, 100, 40, '2024-03-21', 'Pass', 'Good'),
(13, 13, 13, 'Power Sys', 55, 100, 40, '2024-03-22', 'Pass', 'Fair'),
(14, 14, 14, 'Microproc', 82, 100, 40, '2024-03-23', 'Pass', 'Good'),
(15, 15, 15, 'Structures', 71, 100, 40, '2024-03-24', 'Pass', 'Solid'),
(16, 16, 16, 'Java', 89, 100, 40, '2024-03-25', 'Pass', 'Well done'),
(17, 17, 17, 'IC Engines', 48, 100, 40, '2024-03-26', 'Pass', 'Needs effort'),
(18, 18, 18, 'Control Sys', 73, 100, 40, '2024-03-27', 'Pass', 'Good'),
(19, 19, 19, 'VLSI', 80, 100, 40, '2024-03-28', 'Pass', 'Great'),
(20, 20, 20, 'Water Mgmt', 66, 100, 40, '2024-03-29', 'Pass', 'Fine'),
(21, 21, 21, 'Cloud', 91, 100, 40, '2024-03-30', 'Pass', 'Excellent'),
(22, 22, 22, 'CAD', 58, 100, 40, '2024-03-31', 'Pass', 'OK'),
(23, 23, 23, 'Energy Sys', 85, 100, 40, '2024-04-01', 'Pass', 'Good job'),
(24, 24, 24, 'EMI', 79, 100, 40, '2024-04-02', 'Pass', 'Well done'),
(25, 25, 25, 'Estimating', 61, 100, 40, '2024-04-03', 'Pass', 'Improving'),
(26, 26, 26, 'DBMS', 94, 100, 40, '2024-04-04', 'Pass', 'Excellent'),
(27, 27, 27, 'Refrig', 72, 100, 40, '2024-04-05', 'Pass', 'Good'),
(28, 28, 28, 'Signal Sys', 76, 100, 40, '2024-04-06', 'Pass', 'Very good'),
(29, 29, 29, 'Antennas', 70, 100, 40, '2024-04-07', 'Pass', 'Nice'),
(30, 30, 30, 'Trans Mgmt', 83, 100, 40, '2024-04-08', 'Pass', 'Good effort');

INSERT INTO Activities VALUES
(1, 1, 1, 1, 'Tech Quiz', '2024-04-10', 'Winner', 90, 100, 'Great job'),
(2, 2, 2, 2, 'Poster', '2024-04-11', 'Runner-up', 85, 100, 'Creative'),
(3, 3, 3, 3, 'Debate', '2024-04-12', 'Participation', 65, 100, 'Good try'),
(3, 3, 3, 3, 'Debate', '2024-04-12', 'Participation', 65, 100, 'Good try'),
(4, 4, 4, 4, 'CodeFest', '2024-04-13', 'Winner', 92, 100, 'Excellent skills'),
(5, 5, 5, 5, 'Bridge Design', '2024-04-14', 'Runner-up', 81, 100, 'Creative idea'),
(6, 6, 6, 6, 'Hackathon', '2024-04-15', 'Participation', 75, 100, 'Nice effort'),
(7, 7, 7, 7, 'Model Making', '2024-04-16', 'Winner', 88, 100, 'Very innovative'),
(8, 8, 8, 8, 'Circuit Debug', '2024-04-17', 'Runner-up', 83, 100, 'Quick solving'),
(9, 9, 9, 9, 'Tech Talk', '2024-04-18', 'Speaker', 90, 100, 'Inspiring session'),
(10, 10, 10, 10, 'Paper Presentation', '2024-04-19', 'Participation', 77, 100, 'Well presented'),
(11, 11, 11, 11, 'Coding Battle', '2024-04-20', 'Winner', 96, 100, 'Excellent coding'),
(12, 12, 12, 12, 'CAD Contest', '2024-04-21', 'Runner-up', 82, 100, 'Clean design'),
(13, 13, 13, 13, 'Project Expo', '2024-04-22', 'Participation', 70, 100, 'Well explained'),
(14, 14, 14, 14, 'VLSI Design', '2024-04-23', 'Winner', 89, 100, 'Strong design'),
(15, 15, 15, 15, 'Survey Event', '2024-04-24', 'Runner-up', 78, 100, 'Good data'),
(16, 16, 16, 16, 'App Dev', '2024-04-25', 'Winner', 95, 100, 'Excellent UI'),
(17, 17, 17, 17, 'Machine Design', '2024-04-26', 'Participation', 66, 100, 'Solid effort'),
(18, 18, 18, 18, 'Power Control', '2024-04-27', 'Winner', 91, 100, 'Strong logic'),
(19, 19, 19, 19, 'IoT Demo', '2024-04-28', 'Participation', 74, 100, 'Great demo'),
(20, 20, 20, 20, 'Eco Design', '2024-04-29', 'Runner-up', 79, 100, 'Environment friendly'),
(21, 21, 21, 21, 'AI Hack', '2024-04-30', 'Winner', 97, 100, 'Top performer'),
(22, 22, 22, 22, 'Mech Expo', '2024-05-01', 'Participation', 63, 100, 'Needs polish'),
(23, 23, 23, 23, 'Energy Audit', '2024-05-02', 'Runner-up', 80, 100, 'Great calculations'),
(24, 24, 24, 24, 'Antenna Design', '2024-05-03', 'Winner', 93, 100, 'Great modeling'),
(25, 25, 25, 25, 'Building Expo', '2024-05-04', 'Participation', 71, 100, 'Neat layout'),
(26, 26, 26, 26, 'Web Design', '2024-05-05', 'Winner', 94, 100, 'Very creative'),
(27, 27, 27, 27, 'Thermo Workshop', '2024-05-06', 'Participation', 68, 100, 'Informative'),
(28, 28, 28, 28, 'Drone Show', '2024-05-07', 'Winner', 91, 100, 'Excellent'),
(29, 29, 29, 29, 'Tech Talk', '2024-05-08', 'Speaker', 87, 100, 'Inspiring'),
(30, 30, 30, 30, 'Robotics', '2024-05-09', 'Participation', 80, 100, 'Well performed');

INSERT INTO Documents VALUES
(1, 1, 1, 1, 1, 'Marksheet', '2024-05-10', 'Issued', 'Sem 6 marksheet', 'Online'),
(2, 2, 2, 2, 2, 'Certificate', '2024-05-11', 'Issued', 'Participation Cert', 'Hardcopy'),
(3, 3, 3, 3, 3, 'ID Card', '2024-05-12', 'Issued', 'Student ID', 'Hardcopy'),
(4, 4, 4, 4, 4, 'Marksheet', '2024-05-13', 'Issued', 'Sem 5 Result', 'Online'),
(5, 5, 5, 5, 5, 'Certificate', '2024-05-14', 'Issued', 'Workshop Cert', 'Hardcopy'),
(6, 6, 6, 6, 6, 'Achievement', '2024-05-15', 'Issued', 'Hackathon Winner', 'Online'),
(7, 7, 7, 7, 7, 'Marksheet', '2024-05-16', 'Issued', 'Sem 6 Result', 'Online'),
(8, 8, 8, 8, 8, 'Hall Ticket', '2024-05-17', 'Issued', 'Exam Ticket', 'Hardcopy'),
(9, 9, 9, 9, 9, 'Certificate', '2024-05-18', 'Issued', 'Tech Talk', 'Online'),
(10, 10, 10, 10, 10, 'ID Card', '2024-05-19', 'Issued', 'Duplicate ID', 'Hardcopy'),
(11, 11, 11, 11, 11, 'Marksheet', '2024-05-20', 'Issued', 'Final Sem Result', 'Online'),
(12, 12, 12, 12, 12, 'Achievement', '2024-05-21', 'Issued', 'CAD Contest Runner', 'Online'),
(13, 13, 13, 13, 13, 'Certificate', '2024-05-22', 'Issued', 'Project Expo', 'Hardcopy'),
(14, 14, 14, 14, 14, 'ID Card', '2024-05-23', 'Issued', 'Renewed ID', 'Hardcopy'),
(15, 15, 15, 15, 15, 'Marksheet', '2024-05-24', 'Issued', 'Sem 4 Result', 'Online'),
(16, 16, 16, 16, 16, 'Certificate', '2024-05-25', 'Issued', 'App Dev Cert', 'Hardcopy'),
(17, 17, 17, 17, 17, 'Achievement', '2024-05-26', 'Issued', 'Participation Award', 'Online'),
(18, 18, 18, 18, 18, 'Hall Ticket', '2024-05-27', 'Issued', 'Lab Exam Ticket', 'Hardcopy'),
(19, 19, 19, 19, 19, 'ID Card', '2024-05-28', 'Issued', 'New Student ID', 'Hardcopy'),
(20, 20, 20, 20, 20, 'Marksheet', '2024-05-29', 'Issued', 'Mid Sem Result', 'Online'),
(21, 21, 21, 21, 21, 'Certificate', '2024-05-30', 'Issued', 'AI Hackathon', 'Online'),
(22, 22, 22, 22, 22, 'Achievement', '2024-05-31', 'Issued', 'Participation Mech Expo', 'Online'),
(23, 23, 23, 23, 23, 'Hall Ticket', '2024-06-01', 'Issued', 'Project Viva', 'Hardcopy'),
(24, 24, 24, 24, 24, 'ID Card', '2024-06-02', 'Issued', 'New Batch ID', 'Hardcopy'),
(25, 25, 25, 25, 25, 'Marksheet', '2024-06-03', 'Issued', 'Sem 3 Result', 'Online'),
(26, 26, 26, 26, 26, 'Certificate', '2024-06-04', 'Issued', 'Web Design Event', 'Online'),
(27, 27, 27, 27, 27, 'Achievement', '2024-06-05', 'Issued', 'Thermo Workshop', 'Online'),
(29, 29, 29, 29, 29, 'Hall Ticket', '2024-05-28', 'Issued', 'Final exam ticket', 'Hardcopy'),
(30, 30, 30, 30, 30, 'Achievement', '2024-05-29', 'Issued', 'Winner robotics', 'Online');
